,reactions,size,THRS,biomass,fva_min,fva_max
0,{'PGCD'},1,1.589633495355951,0.7209712657802249,1.5737371604019428,2.2976415587930563
