,reactions,size,THRS,biomass,fva_min,fva_max
0,"{'PSERT', 'GART'}",2,2.81458980745748,0.7079114716692222,2.7864435729990675,3.2675016375150796
