,reactions,size,THRS,biomass,fva_min,fva_max
0,{'PSERT'},1,1.5897519311009383,0.7209700774214146,1.573737160401957,2.2976415587925807
