,reactions,size,THRS,biomass,fva_min,fva_max
0,"{'GART', 'PGCD'}",2,2.814593285904266,0.7079113831623548,2.7864435729990955,3.267501637515594
