,reactions,size,THRS,biomass,fva_min,fva_max
0,{'PSP_L'},1,1.5896334953549986,0.7209712657802251,1.5737371604019614,2.2976415587933885
